	SNP	PubMED ID	Title	ObservedGenotype	Others	Variation support paper	clinical significance
1	rs4645948	PMID: 30662535	'A Functional 5''-UTR Polymorphism of MYC Contributes to Nasopharyngeal Carcinoma Susceptibility and Chemoradiotherapy Induced Toxicities'	C>T 		https://pubmed.ncbi.nlm.nih.gov/30662535/	NA
2	rs12938	PMID: 15902275	No association between E- and L-selectin genes and SLE: soluble L-selectin levels do correlate with genotype and a subset in SLE	A>G 		https://pubmed.ncbi.nlm.nih.gov/15902275/	NA
3	rs1159268	PMID: 24927181	Genome-wide association study identifies three novel susceptibility loci for severe Acne vulgaris	G>A 	rs478304 , rs38055	https://pubmed.ncbi.nlm.nih.gov/24927181/	NA
4	rs478304	PMID: 24927181	Genome-wide association study identifies three novel susceptibility loci for severe Acne vulgaris	G>C,T	rs38055 , rs1159268	https://pubmed.ncbi.nlm.nih.gov/24927181/	NA
5	rs38055	PMID: 24927181	Genome-wide association study identifies three novel susceptibility loci for severe Acne vulgaris	A>G 	rs1159268,  rs1159268	https://pubmed.ncbi.nlm.nih.gov/24927181/	NA
6	rs1800629 	PMID: 32700971	Association of TNF-α-308 (G >A) (rs1800629) Gene Polymorphism with Adverse Outcomes of Sepsis in Critically Ill Patients	G>A 		https://pubmed.ncbi.nlm.nih.gov/32700971/	https://www.ncbi.nlm.nih.gov/clinvar/variation/225964/
7	rs1800629 	PMID: 32700971	Association of TNF-α-308 (G >A) (rs1800629) Gene Polymorphism with Adverse Outcomes of Sepsis in Critically Ill Patients	G>A 		https://pubmed.ncbi.nlm.nih.gov/32700971/	https://www.ncbi.nlm.nih.gov/clinvar/variation/225964/
8	rs9380559	PMID: 19390624	Genetic variance in the adiponutrin gene family and childhood obesity	A>G	rs4713951,  rs10947600,  rs12199580	https://pubmed.ncbi.nlm.nih.gov/19390624/	N/A
9	rs17449032 	PMID: 18268355	Mutations in FN1 cause glomerulopathy with fibronectin deposits	T>A,C	 rs1250259	https://pubmed.ncbi.nlm.nih.gov/18268355/	N/A
10	rs35856562	PMID: 21609220	Genetics of age-related macular degeneration: current concepts, future directions	A>G	 rs9621532, rs9621532	https://pubmed.ncbi.nlm.nih.gov/21609220/	https://www.ncbi.nlm.nih.gov/clinvar/variation/781796/
11	rs2071307 	PMID: 29129841	Genetic Risk Assessment of Elastin Gene Polymorphisms with Intracranial Aneurysm in Koreans	G>A,C 	 rs2856728	https://pubmed.ncbi.nlm.nih.gov/29129841/	https://www.ncbi.nlm.nih.gov/clinvar/variation/569280/
12							
13	rs885479	PMID: 31488411	MC1R Variation in a New Mexico Population	G>A,C		https://pubmed.ncbi.nlm.nih.gov/31488411/	https://www.ncbi.nlm.nih.gov/clinvar/variation/258652/
14	rs12203592	PMID: 31958143	Association of IRF4 single-nucleotide polymorphism rs12203592 with melanoma-specific survival	C>T		https://pubmed.ncbi.nlm.nih.gov/31958143/	https://www.ncbi.nlm.nih.gov/clinvar/variation/160346/
15	rs12913832 	PMID: 26286644	The more the merrier? How a few SNPs predict pigmentation phenotypes in the Northern German population	A>G		https://pubmed.ncbi.nlm.nih.gov/26286644/	https://www.ncbi.nlm.nih.gov/clinvar/variation/4745/
16	 rs16891982	PMID: 27566401	IRF4 Polymorphism Is Associated with Cutaneous Squamous Cell Carcinoma in Organ Transplant Recipients: A Pigment-Independent Phenomenon	C>A,G		https://pubmed.ncbi.nlm.nih.gov/27566401/	https://www.ncbi.nlm.nih.gov/clinvar/variation/197829/
17	 rs322458	PMID: 23223146	A genome-wide association study in Caucasian women points out a putative role of the STXBP5L gene in facial photoaging	C>T		https://pubmed.ncbi.nlm.nih.gov/23223146/	N/A
18	rs885479	PMID: 31488411	MC1R Variation in a New Mexico Population	G>A,C		https://pubmed.ncbi.nlm.nih.gov/31488411/	https://www.ncbi.nlm.nih.gov/clinvar/variation/258652/
19	 rs16891982	PMID: 27566401	IRF4 Polymorphism Is Associated with Cutaneous Squamous Cell Carcinoma in Organ Transplant Recipients: A Pigment-Independent Phenomenon	C>A,G		https://pubmed.ncbi.nlm.nih.gov/27566401/	https://www.ncbi.nlm.nih.gov/clinvar/variation/197829/
20	rs885479	PMID: 31488411	MC1R Variation in a New Mexico Population	G>A,C		https://pubmed.ncbi.nlm.nih.gov/31488411/	https://www.ncbi.nlm.nih.gov/clinvar/variation/258652/
21	rs12203592	PMID: 31958143	Association of IRF4 single-nucleotide polymorphism rs12203592 with melanoma-specific survival	C>T		https://pubmed.ncbi.nlm.nih.gov/31958143/	
22	rs12913832 	PMID: 26286644	The more the merrier? How a few SNPs predict pigmentation phenotypes in the Northern German population	A>G		https://pubmed.ncbi.nlm.nih.gov/26286644/	https://www.ncbi.nlm.nih.gov/clinvar/variation/4745/
23	 rs16891982	PMID: 27566401	IRF4 Polymorphism Is Associated with Cutaneous Squamous Cell Carcinoma in Organ Transplant Recipients: A Pigment-Independent Phenomenon	C>A,G		https://pubmed.ncbi.nlm.nih.gov/27566401/	https://www.ncbi.nlm.nih.gov/clinvar/variation/197829/
24	rs885479	PMID: 31488411	MC1R Variation in a New Mexico Population	G>A,C		https://pubmed.ncbi.nlm.nih.gov/31488411/	https://www.ncbi.nlm.nih.gov/clinvar/variation/258652/
25	rs2733832	PMID: 25837821	Inherited genetic variants associated with occurrence of multiple primary melanoma	C>A,G,T 	rs401681, rs1335510,  rs10830253,  rs45430	https://pubmed.ncbi.nlm.nih.gov/25837821/	https://www.ncbi.nlm.nih.gov/clinvar/variation/256642/
26	rs610604	PMID: 32398022	Association of rs610604 in TNFAIP3 and rs17728338 in TNIP1 gene polymorphisms with psoriasis susceptibility: a meta-analysis of case-control studies	G>A,C,T 	rs17728338	https://pubmed.ncbi.nlm.nih.gov/32398022/	NA
27	rs2787094	PMID: 30160137	ADAM 33 gene V4 C/G rs2787094 polymorphism in psoriasis	C>G 		https://pubmed.ncbi.nlm.nih.gov/30160137/	NA
28	 rs33980500	PMID: 30528823	Neutrophil Extracellular Traps Induce Human Th17 Cells: Effect of Psoriasis-Associated TRAF3IP2 Genotype	C>T 		https://pubmed.ncbi.nlm.nih.gov/30528823/	https://www.ncbi.nlm.nih.gov/clinvar/variation/30630/
29	rs2230722	PMID: 29865896	Association of Genetic Variability in Selected Genes in Patients With Deep Vein Thrombosis and Platelet Hyperaggregability	C>T	rs12041331,  rs12566888	https://pubmed.ncbi.nlm.nih.gov/29865896/	https://www.ncbi.nlm.nih.gov/clinvar/variation/367122/
30	rs763780	PMID: 28143790	Association of IL17A and IL17F genes with rheumatoid arthritis disease and the impact of genetic polymorphisms on response to treatment	T>C	rs2275913	https://pubmed.ncbi.nlm.nih.gov/28143790/	https://www.ncbi.nlm.nih.gov/clinvar/variation/357466/
31	rs10889677 	PMID: 31701644	Association analysis of interleukin-23 receptor SNPs and SAPHO syndrome in Chinese people	C>A,T 		https://pubmed.ncbi.nlm.nih.gov/31701644/	
32	rs1800896	PMID: 29696068		T>C 	rs361525, rs1800629	https://pubmed.ncbi.nlm.nih.gov/29696068/	NA
33	 rs9325071 	PMID: 28213955	The skin barrier function gene SPINK5 is associated with challenge-proven IgE-mediated food allergy in infants	A>G,T 		https://pubmed.ncbi.nlm.nih.gov/28213955/	NA
34	rs3024974 	PMID: 31865311	Association of the STAT6 rs3024974 (C/T) Polymorphism with IgE-Mediated Food Sensitization among West Bengal Population in India	G>A 		https://pubmed.ncbi.nlm.nih.gov/31865311/	NA
35	rs11740584	PMID: 32796837	Disease-associated KIF3A variants alter gene methylation and expression impacting skin barrier and atopic dermatitis risk	G>A,C,T 		https://pubmed.ncbi.nlm.nih.gov/32796837/	NA
36	rs1736936	PMID: 21847675	Promoter polymorphisms of the HLA-G gene, but not the HLA-E and HLA-F genes, is associated with non-segmental vitiligo patients in the Korean population	G>A 	rs1264459, rs9258170	https://pubmed.ncbi.nlm.nih.gov/21847675/	NA
37		PMID: 22534366	Association between CDK5RAP1 polymorphisms and susceptibility to vitiligo in the Korean population	G>A 		https://pubmed.ncbi.nlm.nih.gov/22534366/	NA
38	 rs1408944	PMID: 24667117	A comprehensive association analysis confirms ZMIZ1 to be a susceptibility gene for vitiligo in Chinese population	A>G		https://pubmed.ncbi.nlm.nih.gov/24667117/	NA
39	rs17587	PMID: 25548428	Transporter TAP1-637G and immunoproteasome PSMB9-60H variants influence the risk of developing vitiligo in the Saudi population	G>A,T	rs1135216	https://pubmed.ncbi.nlm.nih.gov/25548428/	NA
40	rs1135216	PMID: 25548428	Transporter TAP1-637G and immunoproteasome PSMB9-60H variants influence the risk of developing vitiligo in the Saudi population	T>C 	rs17587	https://pubmed.ncbi.nlm.nih.gov/25548428/	NA
41	rs10876864	PMID: 22951725	Association analyses identify three susceptibility Loci for vitiligo in the Chinese Han population	G>A,T	rs638893,  rs1417210,  rs9851967 , rs3134883,  rs2051582	https://pubmed.ncbi.nlm.nih.gov/22951725/	NA
42	rs35652124 	PMID: 27222475	Genetic polymorphism of the Nrf2 promoter region is associated with vitiligo risk in Han Chinese populations	T>A,C,G 	rs6721961,  rs2071746	https://pubmed.ncbi.nlm.nih.gov/27222475/	NA
43	rs2071464	PMID: 28700671	A case-control study on association of proteasome subunit beta 8 (PSMB8) and transporter associated with antigen processing 1 (TAP1) polymorphisms and their transcript levels in vitiligo from Gujarat	G>A 	 rs1135216	https://pubmed.ncbi.nlm.nih.gov/28700671/	NA
44	rs12150220 	PMID: 29152150	Meta-analysis of the association between NLRP1 polymorphisms and the susceptibility to vitiligo and associated autoimmune diseases	A>T 	rs2670660,  rs6502867	https://pubmed.ncbi.nlm.nih.gov/29152150/	https://www.ncbi.nlm.nih.gov/clinvar/variation/4163/
45	rs12150220 	PMID: 29152150	Meta-analysis of the association between NLRP1 polymorphisms and the susceptibility to vitiligo and associated autoimmune diseases	A>T 	rs2670660,  rs6502867	https://pubmed.ncbi.nlm.nih.gov/29152150/	https://www.ncbi.nlm.nih.gov/clinvar/variation/4163/
46	rs2232365	PMID: 23582052	Association between FOXP3 polymorphisms and vitiligo in a Han Chinese population	T>A,C,G 	rs3761548, rs5902434	https://pubmed.ncbi.nlm.nih.gov/23582052/	NA
47	rs2476601 	PMID: 20560680	Clinical characteristics and PTPN22 1858C/T variant analysis in Jordanian Arab vitiligo patients	A>G,T 		https://pubmed.ncbi.nlm.nih.gov/20560680/	https://www.ncbi.nlm.nih.gov/clinvar/variation/8909/
48	rs3745902	PMID: 25867094	Pemphigus is associated with KIR3DL2 expression levels and provides evidence that KIR3DL2 may bind HLA-A3 and A11 in vivo	C>G,T 		https://pubmed.ncbi.nlm.nih.gov/25867094/	NA
49	rs2042287	PMID: 26721477	Differential gene expression levels might explain association of LAIR2 polymorphisms with pemphigus	C>A,T 	rs2287828,    rs2277974	https://pubmed.ncbi.nlm.nih.gov/26721477/	NA
50	rs56802430 	PMID: 26721477	Differential gene expression levels might explain association of LAIR2 polymorphisms with pemphigus	A>G		https://pubmed.ncbi.nlm.nih.gov/26721477/	NA
51	rs1805672	PMID: 27424220	'A 3''UTR polymorphism marks differential KLRG1 mRNA levels through disruption of a miR-584-5p binding site and associates with pemphigus foliaceus susceptibility'	A>G,T 		https://pubmed.ncbi.nlm.nih.gov/27424220/	NA
