id	phenotype	traits	gene_id	gene	genotype	description	all_publication	snp
1	"Regulation of eating"	"Emotional eating dependence"	4160	MC4R	TC	"The protein encoded by this gene is a membrane-bound receptor and member of the melanocortin receptor family. The encoded protein interacts with adrenocorticotropic and MSH hormones and is mediated by G proteins. This is an intronless gene. Defects in thi"	" https://www.ncbi.nlm.nih.gov/pubmed?LinkName=gene_pubmed&from_uid=4160"	rs17782313
2	"Regulation of eating"	"Snacking pattern"	3952	"near LEP"	GG	"This gene encodes a protein that is secreted by white adipocytes into the circulation and plays a major role in the regulation of energy homeostasis. Circulating leptin binds to the leptin receptor in the brain, which activates downstream signaling pathwa"	https://www.ncbi.nlm.nih.gov/pubmed?LinkName=gene_pubmed&from_uid=3952	rs7799039
3	"Regulation of eating"	"Snacking pattern"	4160	MC4R	TC	"The protein encoded by this gene is a membrane-bound receptor and member of the melanocortin receptor family. The encoded protein interacts with adrenocorticotropic and MSH hormones and is mediated by G proteins. This is an intronless gene. Defects in thi"	https://www.ncbi.nlm.nih.gov/pubmed?LinkName=gene_pubmed&from_uid=4160	rs17782313
4	"Regulation of eating"	"Satiety response"	79068	FTO	TT	"The FTO gene is one of the genes that has been associated with obesity risk. It is believed to influence satiety and hunger and regulate energy homeostasis. Studies suggest that the FTO gene may play an important role in regulating food intake; variations"	https://www.ncbi.nlm.nih.gov/pubmed?LinkName=gene_pubmed&from_uid=79068	rs9939609
5	"Taste Perception"	"Sweet taste perception"	83756	TAS1R3	"CC, CC"	"There are differences in the sensitivity, perception, and preference for tastes. Taste sensitivity can be attributed to the threshold of activated taste cells. The sweet taste perception is primarily mediated by the TAS1R2 (taste receptor type 1 member 2)"	https://www.ncbi.nlm.nih.gov/pubmed?LinkName=gene_pubmed&from_uid=83756	rs307355
6	"Taste Perception"	"Sweet taste perception"	80834	TAS1R2	"CC, GT"	"There are differences in the sensitivity, perception, and preference for tastes. Taste sensitivity can be attributed to the threshold of activated taste cells. The sweet taste perception is primarily mediated by the TAS1R2 (taste receptor type 1 member 2)"	https://www.ncbi.nlm.nih.gov/pubmed?LinkName=gene_pubmed&from_uid=80834	rs12033832
7	"Taste Perception"	"Bitter taste perception"	5726	TAS2R38	"TT, CC"	"The TAS2R38 gene encodes a G protein-coupled receptor, which acts as a taste receptor, and is mediated by certain chemicals like PROP and phenylthiocarbamide; these chemicals bind to the receptor and signal taste perception. Vegetables like broccoli, cabb"	https://www.ncbi.nlm.nih.gov/pubmed?LinkName=gene_pubmed&from_uid=5726	rs10246939
8	"Taste Perception"	"Fatty food preference"	9628	RGS6	"GA, CT, GA, TC"	"The RGS6 gene is a member of the G7 superfamily; it plays a role in the regulation of G-protein signaling and is believed to have an interplay with opioid receptors (G-protein coupled receptors). While under stress, there is an increase in the cortisol le"	https://www.ncbi.nlm.nih.gov/pubmed?LinkName=gene_pubmed&from_uid=9628	rs1402064
10	"Macronutrient Requirements"	"Response to Carbohydrates"	1636	ACE	GG	"The ACE gene provides instructions for making the angiotensin-converting enzyme. The renin-angiotensin system (RAS) is involved in most of the pathological processes that lead to pathogenesis of diabetes. Angiotensin II (Ang II) is the major peptide of RA"	https://www.ncbi.nlm.nih.gov/pubmed?LinkName=gene_pubmed&from_uid=1636	rs4343
11	"Macronutrient Requirements"	"Response to Carbohydrates"	154	ADRB2	CC	"This gene encodes beta-2-adrenergic receptor which is a member of the G protein-coupled receptor superfamily. Receptors involved in catecholamine function have a role in thermogenesis and energy balance, thus affecting obesity and glucose metabolism. Adre"	https://www.ncbi.nlm.nih.gov/pubmed?LinkName=gene_pubmed&from_uid=154	rs1042713
12	"Macronutrient Requirements"	"Response to Carbohydrates"	326625	MMAB	CC	"The MMAB gene encodes an enzyme that aids in the production of adenosylcobalamin, which is important for the breakdown of cholesterol. The MMAB gene may play a role in modulating concentrations of HDL-C which can affect the risk of developing dyslipidemia"	https://www.ncbi.nlm.nih.gov/pubmed?LinkName=gene_pubmed&from_uid=326625	rs2241201
13	"Macronutrient Requirements"	"Response to Carbohydrates"	6720	SREBP1C	"TT, CC"	"Sterol regulatory element binding protein-1c (SREBP1C) is a transcription factor involved in the regulation of lipid, glucose metabolism and in sterol homoeostasis in cells. SREBP1C expression is regulated by nutritional stimuli like polyunsaturated fatty"	https://www.ncbi.nlm.nih.gov/pubmed?LinkName=gene_pubmed&from_uid=6720	rs2297508
14	"Macronutrient Requirements"	"Response to Carbohydrates"	5465	PPARA	GG	"The shift between glucose storage and synthesis during fasting and feeding is essential for maintaining blood glucose levels. PPARA contributes to the adaptation of hepatic carbohydrate metabolism during the fasting-to-fed and fed-to-fasting transition. H"	https://www.ncbi.nlm.nih.gov/pubmed?LinkName=gene_pubmed&from_uid=5465	rs1800206
15	"Macronutrient Requirements"	"Response to Carbohydrates"	5468	PPARG	CC	"PPAR (peroxisome proliferator-activated receptor) is involved in regulating the carbohydrate and lipid homeostasis, adipogenesis, fatty acid storage, and maintaining energy balance. The PPARG gene encodes a protein (PPAR-gamma) which plays a role in the r"	https://www.ncbi.nlm.nih.gov/pubmed?LinkName=gene_pubmed&from_uid=5468	rs1800571
16	"Macronutrient Requirements"	"Response to Carbohydrates"	6934	TCF7L2	"AA, CC, GG"	"The TCF7L2 gene encodes a protein that influences the secretion of a hormone (glucagon-like peptide-1) which has insulinotropic effects (stimulates insulin secretion) and plays a role in regulating blood glucose homeostasis. Carbohydrate digestion causes "	https://www.ncbi.nlm.nih.gov/pubmed?LinkName=gene_pubmed&from_uid=6934	rs7903146
17	"Macronutrient Requirements"	"Response to Carbohydrates"	79068	FTO	CC	"The expression of the FTO gene in the hypothalamus is indicative of its potential role in regulating energy homeostasis by modifying the appetite. Carbohydrates influence various aspects such as body weight, appetite, and endocrinology. Carbohydrates inta"	" https://www.ncbi.nlm.nih.gov/pubmed?LinkName=gene_pubmed&from_uid=79068"	rs1421085
18	"Macronutrient Requirements"	"Response to saturated fats"	5122	PCSK1	GG	"The PCSK1 gene encodes for a protein that has been associated with the cleavage of proteins that play a role in the hypothalamic regulation of appetite. Variations in the PCSK1 gene have been associated with the modulation of fasting fat oxidation."	https://www.ncbi.nlm.nih.gov/pubmed?LinkName=gene_pubmed&from_uid=5122	rs6230
19	"Macronutrient Requirements"	"Response to saturated fats"	4049	LTA	TA	"Variations that influence the function of the gene have been identified in several genes, including the lymphotoxin-α (LTA) gene, which affects the cytokine production. The variations may interact with dietary fatty acids to regulate the production and s"	https://www.ncbi.nlm.nih.gov/pubmed?LinkName=gene_pubmed&from_uid=4049	rs915654
20	"Macronutrient Requirements"	"Response to saturated fats"	7067	THRA	AA	"The THRA gene encodes for a protein which is a nuclear hormone receptor for triiodothyronine (T3 thyroid hormone). It is shown to mediate certain activities of the thyroid hormone. Thyroid hormones, Triiodothyronine (T3) and tetraiodothyronine (T4) hormon"	" https://www.ncbi.nlm.nih.gov/pubmed?LinkName=gene_pubmed&from_uid=7067"	rs137853162
21	"Macronutrient Requirements"	"Response to saturated fats"	4035	LRP1	CT	"The LRP1 gene encodes a protein, which is involved in the formation of a mature receptor. This receptor is involved in many cellular processes including intracellular signaling, lipid homeostasis, and clearance of apoptotic cells (biochemical events leadi"	" https://www.ncbi.nlm.nih.gov/pubmed?LinkName=gene_pubmed&from_uid=4035"	rs483353013
22	"Macronutrient Requirements"	"Response to saturated fats"	197	AHSG	CC	"The AHSG gene is involved in the regulation of body fat and insulin sensitivity. Variations in the AHSG gene has been shown to be associated with reduced plasma levels as well as lower body fat."	" https://www.ncbi.nlm.nih.gov/pubmed?LinkName=gene_pubmed&from_uid=197"	rs4917
23	"Macronutrient Requirements"	"Response to saturated fats"	4023	LPL	CC	"Lipoprotein lipase (LPL), associated with the luminal endothelial surface of arteries and capillaries of peripheral tissues,it is a key enzyme in the metabolism of lipoproteins. It hydrolyzes plasma lipoprotein triglycerides into free fatty acids and glyc"	" https://www.ncbi.nlm.nih.gov/pubmed?LinkName=gene_pubmed&from_uid=4023"	rs13702
24	"Macronutrient Requirements"	"Response to saturated fats"	948	CD36	AG	"The CD36 gene encodes for a membrane-bound protein; CD36 is expressed in several cell types, including fat cells and muscle cells. The primary function of this protein is in the uptake of fatty acids into cells for energy generation. CD36 and FA signaling"	" https://www.ncbi.nlm.nih.gov/pubmed?LinkName=gene_pubmed&from_uid=948"	rs3211938
25	"Macronutrient Requirements"	"Response to saturated fats"	3569	IL6	"AA, CC, GG"	"The IL6 gene encodes for a protein that has a wide variety of biological functions. Following muscle contraction, it functions to increase the breakdown of fats and to improve insulin resistance."	" https://www.ncbi.nlm.nih.gov/pubmed?LinkName=gene_pubmed&from_uid=3569"	rs1800795
26	"Macronutrient Requirements"	"Response to saturated fats"	336	APOA2	TT	"The APOA2 gene encodes for a protein, apolipoprotein (apo-) A-II, which is the second most abundant protein of the high-density lipoprotein particles. Saturated fat can stimulate the production for APOA2 production in the postprandial phase (after eating "	" https://www.ncbi.nlm.nih.gov/pubmed?LinkName=gene_pubmed&from_uid=336"	rs202223831
27	"Macronutrient Requirements"	"Response to saturated fats"	5465	PPARA	TT	"The PPARA gene plays a key role in lipid homeostasis. The activation of PPARA contributes to the clearance of triglyceride-rich lipoproteins, improves HDL cholesterol concentrations, and reduces the oxidation of LDL cholesterol, thus influencing the activ"	" https://www.ncbi.nlm.nih.gov/pubmed?LinkName=gene_pubmed&from_uid=5465"	rs1801282
28	"Macronutrient Requirements"	"Response to saturated fats"	5468	PPARG	CC	"This gene encodes a member of the peroxisome proliferator-activated receptor (PPAR) subfamily of nuclear receptors. The protein encoded by this gene is PPAR-gamma and is a regulator of adipocyte differentiation. PPARG regulates fatty acid storage and gluc"	https://www.ncbi.nlm.nih.gov/pubmed?LinkName=gene_pubmed&from_uid=5468	rs1800571
29	"Macronutrient Requirements"	"Response to saturated fats"	6934	TCF7L2	GG	"This gene encodes a transcription factor that influences the secretion of GLP 1 (glucagon like peptide 1) which is insulinotropic (stimulates insulin secretion) and has a role in blood glucose homeostasis. TCF7L2 is expressed in subcutaneous and visceral "	https://www.ncbi.nlm.nih.gov/pubmed?LinkName=gene_pubmed&from_uid=6934	rs12255372
30	"Macronutrient Requirements"	"Response to saturated fats"	79068	FTO	TT	"The FTO gene has strong associations with conditions such as obesity and type II diabetes. It is known to contribute to the regulation of body size and body fat accumulation, specifically, thermogenesis (heat production), and adipocyte (fat cell) differen"	" https://www.ncbi.nlm.nih.gov/pubmed?LinkName=gene_pubmed&from_uid=79068"	rs9939609
31	"Macronutrient Requirements"	"Response to Monosaturated fats"	335	APOA1	AA	"The APOA1 gene encodes for a protein, apolipoprotein A-I (ApoA-1), which is the major protein component of high-density lipoprotein (HDL) in the plasma. High levels of HDL can reduce the risk of developing cardiovascular conditions. HDL transports cholest"	" https://www.ncbi.nlm.nih.gov/pubmed?LinkName=gene_pubmed&from_uid=335"	rs670
32	"Macronutrient Requirements"	"Response to Monosaturated fats"	9370	ADIPOQ	"GG, GG"	"The ADIPOQ gene encodes for a protein, adiponectin, which is a plasma protein secreted by the visceral adipose tissue. Adiponectin increases insulin sensitivity and tissue fat oxidation, resulting in reduced circulating fatty acid levels. Therefore, varia"	" https://www.ncbi.nlm.nih.gov/pubmed?LinkName=gene_pubmed&from_uid=9370"	"rs144526209 "
33	"Macronutrient Requirements"	"Response to Monosaturated fats"	338	APOB	AA	"The APOB gene encodes for a protein, apolipoprotein B, which is the main apolipoprotein of chylomicrons and low-density lipoproteins. This protein is involved in transporting fat molecules, including cholesterol in the bloodstream."	" https://www.ncbi.nlm.nih.gov/pubmed?LinkName=gene_pubmed&from_uid=338"	rs693
35	"Macronutrient Requirements"	"Response to polysaturated fats"	1071	CETP	"GT, CT"	"The CETP gene encodes for a protein that is involved in the transfer of cholesteryl ester from high-density lipoprotein (HDL) to other lipoproteins. Variations in the CETP gene may influence the responses of lipids (fats) and lipoproteins to the alteratio"	" https://www.ncbi.nlm.nih.gov/pubmed?LinkName=gene_pubmed&from_uid=1071"	rs2303790
36	"Macronutrient Requirements"	"Response to polysaturated fats"	183	AGT	CT	"The AGT gene encodes for a protein, angiotensinogen, which plays a role in the regulation of blood pressure and fluid balance in the body. Variations in the AGT gene have found to be associated with concentrations of total cholesterol and low-density lipo"	" https://www.ncbi.nlm.nih.gov/pubmed?LinkName=gene_pubmed&from_uid=183"	rs699
37	"Macronutrient Requirements"	"Response to polysaturated fats"	3992	FADS1	"GG, TT"	"This gene encodes the enzyme Fatty acid desaturase 1(Δ5 desaturase) which catalyses the conversion of omega-3 & omega-6 parent fatty acids namely alpha-linolenic acid (ALA) & linoleic acid (LA) to their longer chain derivatives (eicosapentaenoic acid or "	" https://www.ncbi.nlm.nih.gov/pubmed?LinkName=gene_pubmed&from_uid=3992"	rs174544
38	"Macronutrient Requirements"	"Response to polysaturated fats"	345	APOC3	CC	"The APOC3 gene encodes for a protein, apolipoprotein C-3 (APOC3), which is a component of very-low-density lipoprotein (VLDL). This gene plays a role in inhibiting the activities of proteins that are required for the hydrolysis of triglycerides and theref"	" https://www.ncbi.nlm.nih.gov/pubmed?LinkName=gene_pubmed&from_uid=345"	rs2070666
39	"Macronutrient Requirements"	"Response to polysaturated fats"	116519	APOA5	"AA, TT"	"The APOA5 gene encodes for a protein, apolipoprotein A-5 (APOA5), which is a major component of VLDL (very low-density lipoprotein), chylomicrons, and HDL (high-density lipoprotein). APOA5 functions as an activator of a key enzyme in triglyceride cataboli"	" https://www.ncbi.nlm.nih.gov/pubmed?LinkName=gene_pubmed&from_uid=116519"	rs662799
40	"Macronutrient Requirements"	"Response to polysaturated fats"	9370	ADIPOQ	TT	"The ADIPOQ gene encodes for a protein, adiponectin, which is a plasma protein secreted by the visceral adipose tissue. Adiponectin increases insulin sensitivity and tissue fat oxidation, resulting in reduced circulating fatty acid levels. Therefore, varia"	" https://www.ncbi.nlm.nih.gov/pubmed?LinkName=gene_pubmed&from_uid=9370"	"rs144526209 "
41	"Macronutrient Requirements"	"Response to protein"	4544	MTNR1B	CG	"This gene encodes one of two high affinity forms of a receptor for melatonin, the primary hormone secreted by the pineal gland. Given that melatonin is a hormone involved in energy balance and body weight status, this gene is implicated in body weight reg"	" https://www.ncbi.nlm.nih.gov/pubmed?LinkName=gene_pubmed&from_uid=4544"	rs10830963
42	"Macronutrient Requirements"	"Response to protein"	7021	TFAP2B	AA	"The TFAP2B gene encodes a protein (transcription factor AP-2β), which in conjunction with other proteins from the AP-2 family binds to specific regions of DNA and helps to control the activity of genes involved in the stimulation of cell proliferation an"	" https://www.ncbi.nlm.nih.gov/pubmed?LinkName=gene_pubmed&from_uid=7021"	rs2817399
43	"Macronutrient Requirements"	"Response to protein"	79068	FTO	TT	"This gene encodes for a nuclear protein of the AlkB related non-haem iron and 2-oxoglutarate-dependent oxygenase superfamily. RNA demethylase that mediates oxidative demethylation of different RNA species, such as mRNAs, tRNAs and snRNAs, and acts as a re"	" https://www.ncbi.nlm.nih.gov/pubmed?LinkName=gene_pubmed&from_uid=79068"	rs9939609
44	"Macronutrient Requirements"	"Response to fibre"	79068	FTO	AA	"The FTO gene has strong associations with conditions such as obesity and type II diabetes. Studies have shown that people with certain variations in the FTO gene are found to have beneficial results with increased fiber intake; variations may also be asso"	" https://www.ncbi.nlm.nih.gov/pubmed?LinkName=gene_pubmed&from_uid=79068"	rs9939609
46	"Weight Management and Maintenance"	"Ability to maintain the weight loss"	9370	ADIPOQ	GG	"The ADIPOQ gene encodes for a protein, adiponectin, which is produced in the adipose tissue (fat tissue). Variations in the ADIPOQ gene can influence the production of adiponectin, thereby affecting energy intake and body weight."	" https://www.ncbi.nlm.nih.gov/pubmed?LinkName=gene_pubmed&from_uid=9370"	"rs144526209 "
47	"Weight Management and Maintenance"	"Ability to maintain the weight loss"	5468	PPARG	CC	"PPAR (peroxisome proliferator-activated receptor) is involved in regulating the carbohydrate and lipid homeostasis, adipogenesis, fatty acid storage, and maintaining energy balance. The PPARG gene encodes a protein (PPAR-gamma) which plays a role in the r"	https://www.ncbi.nlm.nih.gov/pubmed?LinkName=gene_pubmed&from_uid=5468	rs1800571
48	"Weight Management and Maintenance"	"Ability to maintain the weight loss"	79068	FTO	GG	"The FTO gene has strong associations with conditions such as obesity and type II diabetes. Variations in the FTO gene may influence weight regain"	" https://www.ncbi.nlm.nih.gov/pubmed?LinkName=gene_pubmed&from_uid=79068"	rs9939609
49	"Micronutrient Requirements"	"Vitamin A Metabolism"	53630	"near BCMO1"	"GG, TG"	"The protein encoded by this gene is a key enzyme in beta-carotene metabolism to vitamin A. It catalyzes the oxidative cleavage of beta-carotene into two retinal molecules. Vitamin A metabolism is important for vital processes such as vision, embryonic dev"	" https://www.ncbi.nlm.nih.gov/pubmed?LinkName=gene_pubmed&from_uid=53630"	rs11645428
50	"Micronutrient Requirements"	"Vitamin A Metabolism"	53630	BCMO1	"AA, AA, CC"	"The protein encoded by this gene is a key enzyme in beta-carotene metabolism to vitamin A. It catalyzes the oxidative cleavage of beta-carotene into two retinal molecules. Vitamin A metabolism is important for vital processes such as vision, embryonic dev"	" https://www.ncbi.nlm.nih.gov/pubmed?LinkName=gene_pubmed&from_uid=53630"	rs11645428
52	"Micronutrient Requirements"	"Vitamin D Metabolism"	2638	GC	"AC, GT"	"The GC gene encodes the vitamin D binding protein (DBP) that belongs to the albumin gene family. The encoded protein has multiple functions and is found in the plasma, ascitic fluid, cerebrospinal fluid, and on the surface of many cell types. The protein "	" https://www.ncbi.nlm.nih.gov/pubmed?LinkName=gene_pubmed&from_uid=2638"	rs2282679
53	"Micronutrient Requirements"	"Vitamin D Metabolism"	7421	VDR	"TT, CA"	"Vitamin D can either be acquired through dietary intake or made in the body with help from sunlight exposure. The VDR gene encodes the vitamin D receptor (VDR) protein which plays a role in the body’s response to vitamin D. It binds to calcitriol, the a"	" https://www.ncbi.nlm.nih.gov/pubmed?LinkName=gene_pubmed&from_uid=7421"	rs1544410
54	"Micronutrient Requirements"	"Vitamin E Metabolism"	337	APOA4	TT	"APOA4 encodes an apoprotein secreted by the intestine and associated with chylomicrons. APOA4 gene has a role in chylomicrons and VLDL secretion and catabolism. Required for efficient activation of lipoprotein lipase by ApoC-II."	" https://www.ncbi.nlm.nih.gov/pubmed?LinkName=gene_pubmed&from_uid=337"	rs5104
55	"Micronutrient Requirements"	"Vitamin E Metabolism"	948	CD36	"AG, GG, TT"	"Vitamin E is a fat-soluble vitamin and an antioxidant. The protein encoded by the CD36 gene is involved in the uptake of long-chain fatty acids and therefore may also influence the plasma concentrations of vitamin E."	https://www.ncbi.nlm.nih.gov/pubmed?LinkName=gene_pubmed&from_uid=948	rs1761667
56	"Micronutrient Requirements"	"Vitamin B6 Metabolism"	84224	"Near NBPF3"	CT	"This variant is located near the NBPF3 gene. Variants of the NBPF3 gene were found to be associated with the plasma concentration of pyridoxal phosphate (PLP). PLP is an active form of vitamin B6, which is involved in several enzymatic reactions."	" https://www.ncbi.nlm.nih.gov/pubmed?LinkName=gene_pubmed&from_uid=84224"	rs4654748,
57	"Micronutrient Requirements"	"Vitamin B6 Metabolism"	84224	NBPF3	CT	"The variant in this gene has been associated with decreased levels of Vitamin B6 (pyridoxine). Pyridoxine, one of the forms of Vitamin B6, strengthens the protein collagen’s regenerative ability which is much needed for rendering us flexibility and skin"	" https://www.ncbi.nlm.nih.gov/pubmed?LinkName=gene_pubmed&from_uid=84224"	rs4654748,
58	"Micronutrient Requirements"	"Vitamin B9 Metabolism"	4524	MTHFR	AA	"The MTHFR gene encodes for an enzyme (methylenetetrahydrofolate reductase) which has a role in the processing of amino acids. This enzyme is involved in the chemical reaction involving the vitamin B9 (folate). It plays a role in the conversion of a form o"	" https://www.ncbi.nlm.nih.gov/pubmed?LinkName=gene_pubmed&from_uid=4524"	rs868014
59	"Micronutrient Requirements"	"Vitamin B12 Metabolism"	4552	MTRR	GG	"Methionine synthase reductase also known as MSR is an enzyme that in humans is encoded by the MTRR gene. The Methionine Synthase Reductase (MTRR) gene primarily acts in the reductive regeneration of cobalamin (vitamin B12). Cob(I)alamin is a cofactor that"	" https://www.ncbi.nlm.nih.gov/pubmed?LinkName=gene_pubmed&from_uid=4552"	rs16187
60	"Micronutrient Requirements"	"Vitamin B12 Metabolism"	51293	CD320	CC	"This gene encodes the transcobalamin receptor that is expressed at the cell surface. It mediates the cellular uptake of transcobalamin bound cobalamin (vitamin B12), and is involved in B-cell proliferation and immunoglobulin secretion. Mutations in this g"	https://www.ncbi.nlm.nih.gov/pubmed?LinkName=gene_pubmed&from_uid=51293	rs2336573
61	"Micronutrient Requirements"	"Vitamin B12 Metabolism"	4548	MTR	AA	"The MTR gene provides instructions for making an enzyme called methionine synthase. This enzyme plays a role in processing amino acids, the building blocks of proteins. To function properly, methionine synthase requires methylcobalamin (a form of vitamin "	https://www.ncbi.nlm.nih.gov/pubmed?LinkName=gene_pubmed&from_uid=4548	rs3737965
62	"Micronutrient Requirements"	"Vitamin B12 Metabolism"	8029	CUBN	AA	"Vitamin B12 is not synthesized in the body and is obtained from dietary intake. The CUBN gene encodes a protein, cubilin, which is the intestinal receptor for vitamin B12 (also called cobalamin). Therefore, the CUBN gene plays a crucial role in vitamin B1"	https://www.ncbi.nlm.nih.gov/pubmed?LinkName=gene_pubmed&from_uid=8029	rs1801222
63	"Micronutrient Requirements"	"Vitamin B12 Metabolism"	2524	FUT2	"AA, GG"	"The FUT2 gene encodes for an enzyme (galactoside 2-alpha-L-fucosyltransferase 2), which influences the synthesis of H-antigen. The H-antigen plays a role in the attachment of H. pylori bacteria to the gastric mucosa; H. pylori infection can cause decrease"	https://www.ncbi.nlm.nih.gov/gene/2524#bibliography	rs601338 
64	"Micronutrient Requirements"	"Iron Metabolism"	164656	TMPRSS6	CT,AG	"The TMPRSS6 gene encodes a protein called matriptase-2, which influences the levels of the protein, hepcidin. Hepcidin is important for the regulation of iron balance in the body. Low levels of iron in the blood, can decrease the production of hepcidin wh"	https://www.ncbi.nlm.nih.gov/pubmed?LinkName=gene_pubmed&from_uid=164656	rs855791 
65	"Micronutrient Requirements"	"Iron Metabolism"	3077	HFE	"CC, GG"	"The HFE gene encodes for a membrane protein that binds to the transferrin receptor 1 protein. This process prevents the receptor from binding to another protein called transferrin. However, binding of transferrin receptor 1 to transferrin is required for "	https://www.ncbi.nlm.nih.gov/pubmed?LinkName=gene_pubmed&from_uid=3077	rs1799945
66	"Micronutrient Requirements"	"Antioxidant Metabolism"	2950	GSTP1	"AG, CC"	"Glutathione S-transferase P1 is an enzyme encoded by the GSTP1 gene. This enzyme plays a key role in the process of detoxification and the antioxidant system."	" https://www.ncbi.nlm.nih.gov/pubmed?LinkName=gene_pubmed&from_uid=2950"	rs1695
67	"Micronutrient Requirements"	"Antioxidant Metabolism"	5444	PON1	TC	"This gene encodes a member of the paraoxonase family of enzymes and exhibits lactonase and ester hydrolase activity. The HDL associated esterase/lactonase paraoxonase 1 (PON1) is implicated in contributing to the anti-inflammatory and antioxidant activiti"	" https://www.ncbi.nlm.nih.gov/pubmed?LinkName=gene_pubmed&from_uid=5444"	rs854560
68	"Micronutrient Requirements"	"Antioxidant Metabolism"	6648	SOD2	TT	"The SOD2 gene encodes an enzyme, manganese-dependent superoxide dismutase (MnSOD), which binds to the superoxide byproducts and helps in their conversion to hydrogen peroxide and diatomic oxygen. Superoxides are harmful to the body as they can damage DNA "	" https://www.ncbi.nlm.nih.gov/pubmed?LinkName=gene_pubmed&from_uid=6648"	" rs4880"
69	"Micronutrient Requirements"	"Antioxidant Metabolism"	847	CAT	TC	"The CAT gene encodes an enzyme, catalase, which is a key antioxidant enzyme that plays a role in the body’s defense against oxidative stress. Catalase is involved in the conversion of hydrogen peroxide to water and oxygen which reduces the toxic effects"	" https://www.ncbi.nlm.nih.gov/pubmed?LinkName=gene_pubmed&from_uid=847"	rs4880
70	"Micronutrient Requirements"	"Antioxidant Metabolism"	2876	GPX1	"CT, CC"	"The GPX1 gene encodes an enzyme (glutathione peroxidase 1 - GPX1), which is an important antioxidant enzyme in the body. Glutathione peroxidase plays a role in the breakdown of hydrogen peroxide and thereby helps to protect cells against oxidative damage."	" https://www.ncbi.nlm.nih.gov/pubmed?LinkName=gene_pubmed&from_uid=2876"	rs1050450
71	"Micronutrient Requirements"	"Calcium Metabolism"	1591	CYP24A1	AA	"CYP24A1 encodes a cytochrome P450 enzyme that hydroxylates 1,25-(OH)2D, into metabolites targeted for degradation and appears to be one of the central regulator of 1,25-(OH)2-D metabolism. CYP24A1 is highly regulated by its own substrate 1,25(OH)2-D, as w"	" https://www.ncbi.nlm.nih.gov/pubmed?LinkName=gene_pubmed&from_uid=1591"	rs777676129
72	"Micronutrient Requirements"	"Calcium Metabolism"	2625	"Near GATA3"	CT	"GATA3 belongs to a family of zinc finger transcription factors that are involved in vertebrate embryonic development. In addition, GATA3 is also expressed in the developing parathyroids, inner ear, and kidneys. GATA3 is implicated in monogenic disorders o"	" https://www.ncbi.nlm.nih.gov/pubmed?LinkName=gene_pubmed&from_uid=2625"	rs4143094 
73	"Micronutrient Requirements"	"Calcium Metabolism"	160851	"Near DGKH"	GG	"This gene encodes a member of the diacylglycerol kinase (DGK) enzyme family. Members of this family are involved in regulating intracellular concentrations of diacylglycerol and phosphatidic acid. "	" https://www.ncbi.nlm.nih.gov/pubmed?LinkName=gene_pubmed&from_uid=160851"	rs4142110
74	"Micronutrient Requirements"	"Calcium Metabolism"	2646	GCKR	CC	"Glucokinase (GCK) controls the rate of glucose metabolism in pancreatic cells, and its activity is rate-limiting for insulin secretion. "	" https://www.ncbi.nlm.nih.gov/pubmed?LinkName=gene_pubmed&from_uid=2646"	rs11977526
75	"Micronutrient Requirements"	"Calcium Metabolism"	846	CASR	"AA, GG"	"The CASR gene encodes for a protein (calcium-sensing receptor - CaSR), which is abundant in the cells within the parathyroid glands and the renal tubules of kidneys. The parathyroid hormone produced by the parathyroid glands helps in increasing blood calc"	https://www.ncbi.nlm.nih.gov/pubmed?LinkName=gene_pubmed&from_uid=846	rs9740
76	"Micronutrient Requirements"	"Phosphate Metabolism"	846	CASR	AA	"The CASR gene encodes for a protein (calcium-sensing receptor - CaSR), which is abundant in the cells within the parathyroid glands and the renal tubules of kidneys. Phosphate levels depend on parathyroid hormone (PTH) level and CaSR influences PTH levels"	https://www.ncbi.nlm.nih.gov/pubmed?LinkName=gene_pubmed&from_uid=846	rs9740
77	"Micronutrient Requirements"	"Magnesium Metabolism"	846	CASR	AA	"The CASR gene encodes for a protein (calcium-sensing receptor - CaSR), which is abundant in the cells within the parathyroid glands and the renal tubules of kidneys. The CaSR protein can bind to magnesium, which can inhibit the secretion of parathyroid ho"	https://www.ncbi.nlm.nih.gov/pubmed?LinkName=gene_pubmed&from_uid=846	rs9740
78	"Micronutrient Requirements"	"Vitamin K metabolism"	8529	CYP4F2	CT	"The cytochrome P450 proteins are monooxygenases which catalyze many reactions involved in drug metabolism and synthesis of cholesterol, steroids and other lipids. CYP4F2 regulates the bioavailability of vitamin E and vitamin K, a cofactor that is critical"	" https://www.ncbi.nlm.nih.gov/pubmed?LinkName=gene_pubmed&from_uid=8529"	rs2108622
79	"Micronutrient Requirements"	"Vitamin K metabolism"	79001	VKORC1	CC	"The VKORC1 gene provides instructions for making a vitamin K epoxide reductase enzyme. The VKORC1 enzyme is made primarily in the liver. It spans the membrane of a cellular structure called the endoplasmic reticulum, which is involved with protein process"	" https://www.ncbi.nlm.nih.gov/pubmed?LinkName=gene_pubmed&from_uid=79001"	rs1639
80	"Food Intolerances and Sensitivities "	"Salt Metabolism"	6446	"near SGK1"	CT	"This variant is located near the SGK1 gene. The SGK1 gene encodes a protein that plays a key role in cellular stress response. It is also known to activate certain sodium, chloride, and potassium channels, which suggests its involvement in regulating seve"	" https://www.ncbi.nlm.nih.gov/pubmed?LinkName=gene_pubmed&from_uid=6446"	rs9493857
81	"Food Intolerances and Sensitivities "	"Caffeine Metabolism"	1544	"Near CYP1A2"	"CC, CC"	"Encodes a type of human polycyclic aromatic hydrocarbon-inducible cytochrome P450(CYP1) family called the CYP1A2 enzyme. CYP1A2 demethylates caffeine molecules into substances like paraxanthine & methylxanthine(which can be excreted through urine), reduci"	" https://www.ncbi.nlm.nih.gov/pubmed?LinkName=gene_pubmed&from_uid=1544"	rs762551 
82	"Food Intolerances and Sensitivities "	"Caffeine Metabolism"	6446	CYP1A2	AA	"The CYP1A2 gene encodes a liver enzyme that is critical for the breakdown of caffeine molecules into substances that can be excreted through urine. This function influences the amount of caffeine its effects in the body. Variations in the CYP1A2 gene can "	" https://www.ncbi.nlm.nih.gov/pubmed?LinkName=gene_pubmed&from_uid=1544"	rs762551 
83	"Food Intolerances and Sensitivities "	"Gluten Intolerence"	117289	TAGAP	AA	"The TAGAP gene encodes for a protein that may play a role in Rho GTPase-activating protein. Variations in the TAGAP gene may lead to an increase in GTPase activity, which can eventually result in the development of celiac disease (CD). Variants of this ge"	" https://www.ncbi.nlm.nih.gov/pubmed?LinkName=gene_pubmed&from_uid=117289"	rs1464510
84	"Food Intolerances and Sensitivities "	"Gluten Intolerence"	3122	HLA-DRA	TT	"The HLA-DRA gene (major histocompatibility complex, class II, DR alpha) encodes for a protein that plays a crucial role in the regulation of the immune system. Variations may lead to an immune response in response to gluten intake and may influence an ind"	" https://www.ncbi.nlm.nih.gov/pubmed?LinkName=gene_pubmed&from_uid=3122"	rs7194
85	"Food Intolerances and Sensitivities "	"Gluten Intolerence"	5966	REL	AA	"The REL gene encodes a protein, c-Rel, which belongs to the Rel/NF-κB transcription factor family, which helps in the regulation of genes involved in important processes like inflammation and immune response. Studies have suggested an association of c-RE"	" https://www.ncbi.nlm.nih.gov/pubmed?LinkName=gene_pubmed&from_uid=5966"	rs842644
86	"Food Intolerances and Sensitivities "	"Gluten Intolerence"	5996	"Intergenic – RGS1"	AA	"RGS1 belongs to a family of RGS genes. It attenuates the signaling activity of G-proteins, blocking the homing of Intra Epithelial Lymphocytes (IELs), and it is specifically expressed both in human small intestinal mucosa and in murine IELs, key players i"	" https://www.ncbi.nlm.nih.gov/pubmed?LinkName=gene_pubmed&from_uid=5996"	rs2816316
87	"Food Intolerances and Sensitivities "	"Gluten Intolerence"	2524	FUT2	GG	"The FUT2 gene encodes for a protein that influences the production of H antigen, which is an antigen essential for the synthesis of soluble A and B antigen. These antigens act as anchors and as sources of carbon for intestinal bacteria in the intestinal l"	" https://www.ncbi.nlm.nih.gov/pubmed?LinkName=gene_pubmed&from_uid=2524"	rs601338
88	"Food Intolerances and Sensitivities "	"Lactose Intolerence"	4175	MCM6	CC,CC	"A regulatory element (which is a specific DNA sequence), within the MCM6 gene, plays a key role in regulating the activity or expression of the LCT gene. The LCT gene encodes an enzyme, lactase, which helps in the metabolism of lactose. Reduced activity o"	" https://www.ncbi.nlm.nih.gov/pubmed?LinkName=gene_pubmed&from_uid=4175"	rs13910
