id	snp	pubmed_id	title	observed_genotype	others	variation_support_paper	clinical_significance
1	rs17782313	PMC7478401	"Association between MC4R rs17782313 genotype and obesity: A meta-analysis."	T>A/T>C	" rs571312,  rs17782313,  rs489693,  rs11872992,  and rs8087522"	https://www.ncbi.nlm.nih.gov/snp/rs17782313#publications	https://www.ncbi.nlm.nih.gov/clinvar?term=((227796[AlleleID]))
2	rs7799039	31292750	"Leptin gene polymorphism (rs7799039; G2548A) is associated with changes in serum lipid concentrations during pregnancy: a prospective cohort study."	G>A/G>C		https://www.ncbi.nlm.nih.gov/snp/rs7799039#publications	NA
3	rs17782313	PMC4232480	"Association between MC4R rs17782313 Polymorphism and Overeating Behaviours"	T>A/T>C	" rs571312, rs17782313, rs489693, rs11872992, and rs8087522"	https://www.ncbi.nlm.nih.gov/snp/rs17782313#publications	NA
4	rs9939609	PMC6999843	"Association of FTO rs9939609 polymorphism with serum leptin, insulin, adiponectin, and lipid profile in overweight adults"	T>A		https://www.ncbi.nlm.nih.gov/snp/rs9939609#publications	NA
5	rs307355	PMC5733356	"Variation in the Sweet Taste Receptor Gene and Dietary Intake in a Swedish Middle-Aged Population"	T>A/T>C		https://www.ncbi.nlm.nih.gov/snp/rs307355#publications	NA
6	rs12033832	PMC5733356	"Variation in the Sweet Taste Receptor Gene and Dietary Intake in a Swedish Middle-Aged Population"	G>A/G>C		https://www.ncbi.nlm.nih.gov/snp/rs12033832#publications	NA
7	rs10246939	PMC6770895	"Variation in the TAS2R38 Bitterness Receptor Gene Was Associated with Food Consumption and Obesity Risk in Koreans"	T>C		https://www.ncbi.nlm.nih.gov/snp/rs10246939#publications	https://www.ncbi.nlm.nih.gov/clinvar/variation/2906/
8	rs1402064	PMC3683650	"RGS6 variants are associated with dietary fat intake in Hispanics: the IRAS Family Study"	T>A/T>C		https://www.ncbi.nlm.nih.gov/snp/rs1402064#publications	NA
9	rs1761667	PMC3295590	"CD36 genetics and the metabolic complications of obesity"	G>A		https://www.ncbi.nlm.nih.gov/snp/rs1761667#publications	https://www.ncbi.nlm.nih.gov/clinvar?term=((480402[AlleleID]))
10	rs4343	PMC5523633	"High-Saturated-Fat Diet Increases Circulating Angiotensin-Converting Enzyme, Which Is Enhanced by the rs4343 Polymorphism Defining Persons at Risk of Nutrient-Dependent Increases of Blood Pressure."	G>A		https://www.ncbi.nlm.nih.gov/snp/rs4343#publications	https://www.ncbi.nlm.nih.gov/clinvar?term=((256309[AlleleID]))
11	rs1042713	PMC6441509	"Association of ADRB2 rs1042713 with Obesity and Obesity-Related Phenotypes and Its Interaction with Dietary Fat in Modulating Glycaemic Indices in Malaysian Adults"	G>A/G>C		https://www.ncbi.nlm.nih.gov/snp/rs1042713#publications	https://www.ncbi.nlm.nih.gov/clinvar?term=((227753[AlleleID])OR(32781[AlleleID]))
12	rs2241201	PMC2728650	"Novel variants at KCTD10, MVK, and MMAB genes interact with dietary carbohydrates to modulate HDL-cholesterol concentrations in the Genetics of Lipid Lowering Drugs and Diet Network Study."	C>G		https://www.ncbi.nlm.nih.gov/snp/rs2241201#publications	https://www.ncbi.nlm.nih.gov/clinvar?term=((329129[AlleleID]))
13	rs2297508	PMID:18692268	"Association of sterol regulatory element-binding protein-1c gene polymorphism with type 2 diabetes mellitus, insulin resistance and blood lipid levels in Chinese population"	C>G/C>T	"rs2297508 ,rs11868035"	https://www.ncbi.nlm.nih.gov/snp/rs2297508#publications	NA
14	rs1800206	PMID:10828087	"Molecular scanning of the human PPARa gene: association of the L162v mutation with hyperapobetalipoproteinemia"	C>G		https://www.ncbi.nlm.nih.gov/snp/rs1800206#publications	https://www.ncbi.nlm.nih.gov/clinvar/variation/13701/
15	rs1800571	PMID:9753710	"Obesity associated with a mutation in a genetic regulator of adipocyte differentiation."	C>A		https://www.ncbi.nlm.nih.gov/snp/rs1800571#publications	https://www.ncbi.nlm.nih.gov/clinvar?term=((23169[AlleleID]))
16	rs7903146	PMID:31691451	"Association between allelic variants in the glucagon-like peptide 1 and cholecystokinin receptor genes with gastric emptying and glucose tolerance."	C>G/C>T	"rs7903146, rs12255372 ,rs11196205"	https://www.ncbi.nlm.nih.gov/pubmed/31691451	https://www.ncbi.nlm.nih.gov/snp/rs7903146#publications
17	rs1421085	PMID:28626215	"Genetic variation in the obesity gene FTO is not associated with decreased fat oxidation: the NEO study"	T>C		https://pubmed.ncbi.nlm.nih.gov/28626215/	https://www.ncbi.nlm.nih.gov/clinvar/variation/217824/
18	rs6230	PMID:28271036	"Functional and clinical relevance of novel and known PCSK1 variants for childhood obesity and glucose metabolism "	A>G	"rs35753085 ,rs725522, rs6232, rs6234"	https://pubmed.ncbi.nlm.nih.gov/28271036/	https://www.ncbi.nlm.nih.gov/clinvar/variation/354656/
19	rs915654	PMID:20080841	"Additive effect of polymorphisms in the IL-6, LTA, and TNF-{alpha} genes and plasma fatty acid level modulate risk for the metabolic syndrome and its components "	T>A,C	"rs1800629,  rs1800797"	https://pubmed.ncbi.nlm.nih.gov/20080841/	NA
20	rs137853162	PMID:25670821	"Thyroid hormone resistance syndrome due to mutations in the thyroid hormone receptor α gene (THRA)"	G>T		https://pubmed.ncbi.nlm.nih.gov/25670821/	https://www.ncbi.nlm.nih.gov/clinvar/variation/29913/
21	rs483353013	PMID:26142438	"Whole exome sequencing identifies LRP1 as a pathogenic gene in autosomal recessive keratosis pilaris atrophicans "	A>C,G		https://pubmed.ncbi.nlm.nih.gov/26142438/	https://www.ncbi.nlm.nih.gov/clinvar/variation/132834/
22	rs4917	PMID:15806395	"AHSG gene variant is associated with leanness among Swedish men "	T>C		https://pubmed.ncbi.nlm.nih.gov/15806395/	https://www.ncbi.nlm.nih.gov/clinvar?term=((31082[AlleleID]))
23	rs13702	PMID:23246289	"Gain-of-function lipoprotein lipase variant rs13702 modulates lipid traits through disruption of a microRNA-410 seed site "	T>A,C		https://pubmed.ncbi.nlm.nih.gov/23246289/	https://www.ncbi.nlm.nih.gov/clinvar?term=((48634[AlleleID]))
24	rs3211938	PMID:18305138	"Variants in the CD36 gene associate with the metabolic syndrome and high-density lipoprotein cholesterol "	T>G		https://pubmed.ncbi.nlm.nih.gov/18305138/	https://www.ncbi.nlm.nih.gov/clinvar?term=((28575[AlleleID]))
25	rs1800795	PMID:18496509	"AN IL-6 HAPLOTYPE ON HUMAN CHROMOSOME 7P21 CONFERS RISK FOR IMPAIRED RENAL FUNCTION IN TYPE 2 DIABETES"	C>G,T	"rs2069827 ,rs2069837 ,rs2069840, rs2069861"	https://pubmed.ncbi.nlm.nih.gov/18496509/	NA
26	rs202223831	PMID:26590203	"Identification of Sequence Variation in the Apolipoprotein A2 Gene and Their Relationship with Serum High-Density Lipoprotein Cholesterol Levels"	G>C	"rs6413453, rs5082"	https://pubmed.ncbi.nlm.nih.gov/26590203/	NA
27	rs1801282	PMID:31252163	"PPARA, PPARD and PPARG gene polymorphisms in patients with unstable angina "	C>G	"rs2267668 ,rs1801282, rs8192678"	https://pubmed.ncbi.nlm.nih.gov/31252163/	https://www.ncbi.nlm.nih.gov/clinvar?term=((135465[AlleleID]))
28	rs1800571	PMID:9753710	"Obesity associated with a mutation in a genetic regulator of adipocyte differentiation."	C>A		https://www.ncbi.nlm.nih.gov/snp/rs1800571#publications	https://www.ncbi.nlm.nih.gov/clinvar?term=((23169[AlleleID]))
29	rs12255372	" PMID: 17697858"	"The rs12255372(G/T) and rs7903146(C/T) polymorphisms of the TCF7L2 gene are associated with type 2 diabetes mellitus in Asian Indians"	G>A,T	rs7903146		NA
30	rs9939609	PMID:31996075	"Association of FTO rs9939609 polymorphism with serum leptin, insulin, adiponectin, and lipid profile in overweight adults"	T>A 		https://pubmed.ncbi.nlm.nih.gov/31996075/	NA
31	rs670	" PMID: 31682461"	"Influence of rs670 variant of APOA1 gene on serum HDL response to an enriched-polyunsaturated vs. an enriched-monounsaturated fat hypocaloric diet"	"C>A,T "		https://pubmed.ncbi.nlm.nih.gov/31682461/	NA
32	"rs144526209 "	PMID:26306152	"In silico Evaluation of Nonsynonymous Single Nucleotide Polymorphisms in the ADIPOQ Gene Associated with Diabetes, Obesity, and Inflammation"	G>A		https://pubmed.ncbi.nlm.nih.gov/26306152/	NA
33	rs693	PMID:32284661	"Distribution of polymorphism rs693 of ApoB gene in a sample of Colombian Caribbeans "	G>A		https://pubmed.ncbi.nlm.nih.gov/32284661/	https://www.ncbi.nlm.nih.gov/clinvar?term=((133874[AlleleID]))
34	"rs5104 "	PMID:30631647	"Functional polymorphisms of the APOA1/C3/A4/A5-ZPR1-BUD13 gene cluster are associated with dyslipidemia in a sex-specific pattern "	C>A,G,T	"rs5072, rs5128, rs651821, rs2075294, rs10488698"	https://pubmed.ncbi.nlm.nih.gov/30631647/	NA
35	rs2303790	PMID:29632305	"New Common and Rare Variants Influencing Metabolic Syndrome and Its Individual Components in a Korean Population"	A>G 	"rs765547, rs3782889, rs11065756, rs10849915, rs2303790"	https://pubmed.ncbi.nlm.nih.gov/29632305/	https://www.ncbi.nlm.nih.gov/clinvar?term=((32566[AlleleID]))
36	rs699	PMID:31511791	"Contribution of Four Polymorphisms in Renin-Angiotensin-Aldosterone-Related Genes to Hypertension in a Thai Population "	A>G	"rs1799752, rs5186, rs1799998"	https://pubmed.ncbi.nlm.nih.gov/31511791/	https://www.ncbi.nlm.nih.gov/clinvar?term=((33107[AlleleID]))
37	rs174544	PMID:22591901	"Interactions between dietary n-3 fatty acids and genetic variants and risk of disease "	C>A,G	"rs174553, rs174556, rs174561, rs3834458, rs968567, rs99780"	https://pubmed.ncbi.nlm.nih.gov/22591901/	NA
38	rs2070666	PMID:27059980	"APOC3 rs2070666 Is Associated with the Hepatic Steatosis Independently of PNPLA3 rs738409 in Chinese Han Patients with Nonalcoholic Fatty Liver Diseases"	T>A,C	rs738409	https://pubmed.ncbi.nlm.nih.gov/27059980/	NA
41	"rs144526209 "	PMID:26306152	"In silico Evaluation of Nonsynonymous Single Nucleotide Polymorphisms in the ADIPOQ Gene Associated with Diabetes, Obesity, and Inflammation"	G>A		https://pubmed.ncbi.nlm.nih.gov/26306152/	NA
42	rs10830963	" PMID: 24005634"	"[Involvement of melatonin MT2 receptor mutants in type 2 diabetes development]"	C>G,T		https://pubmed.ncbi.nlm.nih.gov/24005634/	NA
43	rs2817399	" PMID: 20581741"	"Patterns of gene expression in the ductus arteriosus are related to environmental and genetic risk factors for persistent ductus patency"	A>C,G,T	"rs2817419, rs2635727"	https://pubmed.ncbi.nlm.nih.gov/20581741/	NA
44	rs9939609	PMID:31996075	"Association of FTO rs9939609 polymorphism with serum leptin, insulin, adiponectin, and lipid profile in overweight adults"	T>A 		https://pubmed.ncbi.nlm.nih.gov/31996075/	NA
45	rs9939609	PMID:31996075	"Association of FTO rs9939609 polymorphism with serum leptin, insulin, adiponectin, and lipid profile in overweight adults"	T>A		https://pubmed.ncbi.nlm.nih.gov/31996075/	NA
46	"rs954299 "	" PMID: 25245582"	"Impact of NEGR1 genetic variability on psychological traits of patients with eating disorders"	C>A,G	"rs2422021, rs12740031,  rs10789322,  rs6659202, rs591540"	https://pubmed.ncbi.nlm.nih.gov/25245582/	NA
47	"rs144526209 "	PMID:26306152	"In silico Evaluation of Nonsynonymous Single Nucleotide Polymorphisms in the ADIPOQ Gene Associated with Diabetes, Obesity, and Inflammation"	G>A		https://pubmed.ncbi.nlm.nih.gov/26306152/	NA
48	rs1800571	PMID:9753710	"Obesity associated with a mutation in a genetic regulator of adipocyte differentiation."	C>A		https://www.ncbi.nlm.nih.gov/snp/rs1800571#publications	https://www.ncbi.nlm.nih.gov/clinvar?term=((23169[AlleleID]))
49	rs9939609	PMID:31996075	"Association of FTO rs9939609 polymorphism with serum leptin, insulin, adiponectin, and lipid profile in overweight adults"	T>A		https://pubmed.ncbi.nlm.nih.gov/31996075/	NA
50	rs11645428	PMID:24586510	"The relationship between BCMO1 gene variants and macular pigment optical density in persons with and without age-related macular degeneration"	G>A	"rs6420424, rs6564851 ,rs11645428, rs6420424, rs6564851"	https://pubmed.ncbi.nlm.nih.gov/24586510/	NA
51	rs11645428	PMID:24586510	"The relationship between BCMO1 gene variants and macular pigment optical density in persons with and without age-related macular degeneration"	G>A	"rs6420424 ,rs6564851, rs11645428 ,rs6420424 ,rs6564851"	https://pubmed.ncbi.nlm.nih.gov/24586510/	NA
52	rs10766197	PMID:31313056	"Common Polymorphisms in Genes Related to Vitamin D Metabolism Affect the Response of Cognitive Abilities to Vitamin D Supplementation"	G>A,C,T	rs4588	https://pubmed.ncbi.nlm.nih.gov/31313056/	NA
53	rs2282679	" PMID: 31830090"	"Prevalence of vitamin D deficiency in women from southern Brazil and association with vitamin D-binding protein levels and GC-DBP gene polymorphisms"			https://pubmed.ncbi.nlm.nih.gov/31830090/	NA
54	rs1544410	" PMID: 32407388"	"Association between the rs1544410 polymorphism in the vitamin D receptor (VDR) gene and insulin secretion after gestational diabetes mellitus"	C>A,G,T	"rs731236,  rs7975232,  rs10735810,  rs1544410"	https://pubmed.ncbi.nlm.nih.gov/32407388/	NA
55	rs5104	" PMID: 19057464"	"Pharmacogenetic association of the APOA1/C3/A4/A5 gene cluster and lipid responses to fenofibrate: the genetics of lipid-lowering drugs and diet network study"	C>A,G,T	"rs3135506, rs4520, rs5128"	https://pubmed.ncbi.nlm.nih.gov/19057464/	NA
56	rs1761667	PMC3295590	"CD36 genetics and the metabolic complications of obesity"	G>A		https://www.ncbi.nlm.nih.gov/snp/rs1761667#publications	https://www.ncbi.nlm.nih.gov/clinvar?term=((480402[AlleleID]))
57	rs4654748,	" PMID: 29688875"	"Decreased serum pyridoxal levels in schizophrenia: meta-analysis and Mendelian randomization analysis"	C>G,T		https://pubmed.ncbi.nlm.nih.gov/29688875/	NA
58	rs4654748,	" PMID: 29688875"	"Decreased serum pyridoxal levels in schizophrenia: meta-analysis and Mendelian randomization analysis"	C>G,T		https://pubmed.ncbi.nlm.nih.gov/29688875/	NA
59	rs868014	PMID:28171870	"Methylene Tetrahydrofolate Reductase (MTHFR) rs868014 Polymorphism Regulated by miR-1203 Associates with Risk and Short Term Outcome of Ischemic Stroke"	A>C,G		https://pubmed.ncbi.nlm.nih.gov/28171870/	NA
60	rs16187	PMID:18098291	"Folate metabolism genes, vegetable intake and renal cancer risk in central Europe"	A>C	"rs234706, rs1801181 ,rs12613 ,rs1801133, rs1801131 ,rs1805087"	https://pubmed.ncbi.nlm.nih.gov/18098291/	NA
61	rs2336573	PMID:20577008	"Transcobalamin II receptor polymorphisms are associated with increased risk for neural tube defects"	C>T	"rs2336573, rs9426"	https://pubmed.ncbi.nlm.nih.gov/20577008/	https://www.ncbi.nlm.nih.gov/clinvar/variation/136684/
62	rs3737965	PMID:19683694	"Genetic association study of putative functional single nucleotide polymorphisms of genes in folate metabolism and spina bifida"	G>A 	"rs5742905, rs1643649, rs2853533"	https://pubmed.ncbi.nlm.nih.gov/19683694/	NA
63	rs1801222	PMID:26959381	"Association study between genome-wide significant variants of vitamin B12 metabolism and gastric cancer in a han Chinese population"	A>C,G	"rs11254363, rs1801222, rs11254363"	https://pubmed.ncbi.nlm.nih.gov/26959381/	https://www.ncbi.nlm.nih.gov/clinvar/variation/299538/
64	rs601338 	 PMID:29533703	"FUT2 genotype and secretory status are not associated with fecal microbial composition and inferred function in healthy subjects"	G>A 		https://pubmed.ncbi.nlm.nih.gov/29533703/	https://www.ncbi.nlm.nih.gov/clinvar/variation/12945/
65	rs855791 	PMID:32422234	"Study the association of transmembrane serine protease 6 gene polymorphisms with iron deficiency status in Saudi Arabia"	A>G,T 	rs2111833	https://pubmed.ncbi.nlm.nih.gov/32422234/	https://www.ncbi.nlm.nih.gov/clinvar/variation/262725/
66	rs1799945	PMID:32379996	"Genotype scores in energy and iron-metabolising genes are higher in elite endurance athletes than in non-athlete controls"	C>G,T	"rs17602729, rs8192678, rs1800562"	https://pubmed.ncbi.nlm.nih.gov/32379996/	https://www.ncbi.nlm.nih.gov/clinvar/variation/10/
67	rs1695	PMID:32494361	"Association of single-nucleotide polymorphisms in antioxidant genes and their gene-gene interactions with risk of male infertility in a Chinese population"	A>G 	"Rs1800566 , rs4880,  rs1571858, rs3814309, rs7483, rs11807"	https://pubmed.ncbi.nlm.nih.gov/32494361/	https://www.ncbi.nlm.nih.gov/clinvar/variation/37340/
68	rs854560	PMID:31762361	"A meta-analysis of the relationship between paraoxonase 1 polymorphisms and cancer"	A>C,G,N,T	" rs662"	https://pubmed.ncbi.nlm.nih.gov/31762361/	https://www.ncbi.nlm.nih.gov/clinvar/variation/13736/
69	" rs4880"	PMID:17192491	"A functional polymorphism in the manganese superoxide dismutase gene and diabetic nephropathy"	A>G	" rs4880"	https://pubmed.ncbi.nlm.nih.gov/17192491/	
70	rs4880	PMID:30191955	"Association of polymorphisms in genes coding for antioxidant enzymes and human male infertility"	A>G		https://pubmed.ncbi.nlm.nih.gov/30191955/	
71	rs1050450	PMID:31576926	"The association between genetic polymorphism of glutathione peroxidase 1 (rs1050450) and keratoconus in a Turkish population"	G>A	"rs1001179, rs4880"	https://pubmed.ncbi.nlm.nih.gov/31576926/	NA
72	rs777676129	PMID:31089432	"Hereditary Hypercalcemia Caused by a Homozygous Pathogenic Variant in the CYP24A1 Gene: A Case Report and Review of the Literature."	CTT>-		http://europepmc.org/article/MED/31089432	
73	rs4143094 	PMID:18037162	"Patterns of GATA3 and IL13 gene polymorphisms associated with childhood rhinitis and atopy in a birth cohort"	T>A,G	"rs1058240, rs379568"	https://pubmed.ncbi.nlm.nih.gov/18037162/	NA
74	rs4142110	PMID:25081328	"Association study of DGKH gene polymorphisms with calcium oxalate stone in Chinese population"	T>A,C	"rs180870, rs17646069"	https://pubmed.ncbi.nlm.nih.gov/25081328/	NA
75	rs11977526	PMID:31884074	"Circulating Levels of Insulin-like Growth Factor 1 and Insulin-like Growth Factor Binding Protein 3 Associate With Risk of Colorectal Cancer Based on Serologic and Mendelian Randomization Analyses"	G>A,T		https://pubmed.ncbi.nlm.nih.gov/31884074/	NA
76	rs9740	PMID:28630081	" Calcium-Sensing Receptor Genotype and Response to Cinacalcet in Patients Undergoing Hemodialysis"	A>G		https://pubmed.ncbi.nlm.nih.gov/28630081/	NA
77	rs9740	PMID:28630081	" Calcium-Sensing Receptor Genotype and Response to Cinacalcet in Patients Undergoing Hemodialysis"	A>G		https://pubmed.ncbi.nlm.nih.gov/28630081/	NA
78	rs9740	PMID:28630081	" Calcium-Sensing Receptor Genotype and Response to Cinacalcet in Patients Undergoing Hemodialysis"	A>G		https://pubmed.ncbi.nlm.nih.gov/28630081/	NA
79	rs2108622	PMID:32327994	"A Pharmacogenetically Guided Acenocoumarol Dosing Algorithm for Chilean Patients: A Discovery Cohort Study"	C>G,T	"rs7294, rs11676382, rs1045642, rs1799853, rs429358"	https://pubmed.ncbi.nlm.nih.gov/32327994/	NA
80	rs1639	PMID:20203262	"Warfarin pharmacogenetics: a single VKORC1 polymorphism is predictive of dose across 3 racial groups"	T>C,G	rs1639	https://pubmed.ncbi.nlm.nih.gov/20203262/	NA
81	rs9493857	PMID:19461886	"Adaptive variation regulates the expression of the human SGK1 gene in response to stress"	A>G,T		https://pubmed.ncbi.nlm.nih.gov/19461886/	NA
82	rs762551 	PMID:22492992	"Caffeine intake and CYP1A2 variants associated with high caffeine intake protect non-smokers from hypertension"	C>A,G 	"rs1133323, rs1378942"	https://pubmed.ncbi.nlm.nih.gov/22492992/	NA
83	rs762551 	PMID:22492992	"Caffeine intake and CYP1A2 variants associated with high caffeine intake protect non-smokers from hypertension"	C>A,G 	"rs1133323, rs1378942"	https://pubmed.ncbi.nlm.nih.gov/22492992/	NA
84	rs1464510	PMID:28208589	"Association of LPP and TAGAP Polymorphisms with Celiac Disease Risk: A Meta-Analysis"	C>A,G,T	rs1464510	https://pubmed.ncbi.nlm.nih.gov/28208589/	NA
85	rs7194	PMID:30502936	"Fine mapping the MHC region identified rs4997052 as a new variant associated with nonobstructive azoospermia in Han Chinese males"	G>A,C	rs4997052	https://pubmed.ncbi.nlm.nih.gov/30502936/	NA
86	rs842644	PMID:18466468	"Analysis of variation in NF-kappaB genes and expression levels of NF-kappaB-regulated molecules"	G>A,C,T		https://pubmed.ncbi.nlm.nih.gov/18466468/	NA
87	rs2816316	PMID:19693089	"Four novel coeliac disease regions replicated in an association study of a Swedish-Norwegian family cohort"	C>A,G	"rs6441961, rs17810564, rs9811792 ,rs917997"	https://pubmed.ncbi.nlm.nih.gov/19693089/	NA
88	rs601338	PMID:31591105	"Longitudinal Pattern of First-Phase Insulin Response Is Associated With Genetic Variants Outside the Class II HLA Region in Children With Multiple Autoantibodies"	G>A	"rs3825932 ,rs1701704, rs45450798"	https://pubmed.ncbi.nlm.nih.gov/31591105/	NA
89	rs13910	PMID:17159977	"Convergent adaptation of human lactase persistence in Africa and Europe"	C>T	"rs14010, rs13915"	https://pubmed.ncbi.nlm.nih.gov/17159977/	NA
